{"type":"Topology","objects":{"zwe.geo":{"type":"GeometryCollection","geometries":[{"type":"Polygon","properties":{"cca2":"zw"},"arcs":[[0]]}]}},"arcs":[[[988,757],[1,-6],[0,-1],[0,-1],[3,-1],[2,-2],[1,-1],[0,-2],[-11,-20],[0,-1],[0,-1],[1,-2],[1,-4],[0,-1],[1,-1],[1,0],[5,-2],[1,-1],[1,-2],[0,-1],[0,-2],[0,-3],[-3,-16],[-3,-9],[-1,0],[-1,-1],[-1,-1],[-2,-8],[0,-1],[-1,-14],[1,-9],[1,-5],[0,-1],[2,-3],[1,-3],[0,-1],[2,-7],[0,-1],[0,-1],[-1,-2],[-3,-4],[-1,-1],[1,-1],[0,-2],[1,0],[5,-7],[4,-4],[3,-2],[0,-1],[-6,-15],[-1,-1],[-2,-3],[-1,0],[-6,-3],[-1,-1],[-2,-1],[-2,0],[-3,-2],[1,-6],[0,-1],[2,-5],[5,-12],[-2,-11],[-1,-1],[-1,-1],[-1,-1],[-1,-1],[-2,0],[-2,1],[-3,1],[-1,0],[-1,0],[-2,0],[-3,-1],[-11,-6],[0,-1],[-1,-16],[0,-1],[2,-8],[0,-2],[1,-1],[3,0],[3,0],[2,0],[1,1],[4,0],[1,0],[1,-1],[1,-1],[5,-9],[0,-1],[0,-2],[-4,-24],[-2,-4],[-4,-7],[0,-1],[-1,0],[-1,0],[0,-1],[-1,0],[0,-1],[0,-12],[0,-2],[0,-1],[1,0],[1,0],[1,0],[1,0],[2,1],[1,0],[1,-2],[1,-2],[0,-2],[0,-16],[17,-10],[9,-14],[-5,-24],[-5,-11],[-10,-15],[-1,-7],[-1,-8],[0,-2],[-1,-5],[-1,-1],[-8,-12],[-18,-29],[-15,0],[-6,-6],[-2,-9],[0,-3],[2,-21],[1,-5],[2,-9],[-5,-11],[-14,-17],[-2,-3],[0,-2],[7,-11],[8,-15],[2,-4],[-3,3],[-1,0],[-6,3],[-1,-1],[-1,-2],[-60,-71],[-30,-36],[-36,-42],[-2,-2],[-5,-4],[-6,-4],[-1,-1],[-1,2],[-2,4],[-1,0],[-1,1],[-12,6],[-1,1],[-2,0],[-2,-1],[-1,0],[-3,-1],[-1,-1],[-3,1],[-11,3],[-2,1],[-4,2],[-3,0],[-1,0],[-8,1],[-7,-1],[-10,-3],[-8,-2],[-1,-1],[-9,2],[-6,1],[-1,0],[-2,0],[-2,0],[-2,-2],[-4,-1],[-3,-1],[-5,-1],[-8,0],[-1,0],[-34,16],[-11,6],[-1,1],[-3,-1],[-1,0],[-1,0],[-8,3],[-1,0],[-2,2],[-11,3],[-7,1],[-28,-4],[-1,0],[-9,-4],[-1,2],[-12,15],[-2,1],[-1,-1],[-3,-1],[-1,0],[-3,0],[-2,0],[-2,1],[-2,0],[-4,2],[-2,1],[-2,2],[-1,0],[-1,3],[-1,1],[-1,3],[-1,3],[-1,2],[0,3],[0,4],[1,2],[0,2],[1,2],[2,4],[1,1],[1,1],[0,1],[-1,2],[-2,2],[-8,4],[-2,0],[-3,0],[0,-1],[-3,1],[-2,0],[-6,2],[-1,1],[-27,14],[-1,1],[-9,2],[-2,0],[-4,-2],[-1,-2],[-1,0],[0,-1],[-1,1],[-4,0],[-1,1],[-7,3],[-3,2],[-4,2],[-8,3],[-1,0],[-2,-1],[-3,-1],[-5,0],[-5,1],[-14,2],[-1,0],[-4,2],[-1,3],[-4,14],[-1,2],[-3,8],[-6,11],[-6,11],[-1,2],[-1,0],[-7,7],[-3,2],[-1,1],[-1,0],[-1,2],[-1,1],[-4,8],[-1,1],[0,1],[1,18],[0,10],[0,1],[1,1],[1,1],[1,1],[1,7],[1,7],[-1,29],[0,4],[-1,1],[0,1],[-1,2],[-1,0],[-1,1],[-1,0],[-9,3],[-1,0],[-11,-1],[-11,0],[-9,1],[-1,1],[-1,-1],[-1,0],[-2,-1],[-4,-2],[-1,-1],[1,6],[1,10],[0,11],[0,1],[-1,9],[-1,3],[-6,16],[-1,1],[-1,2],[-2,2],[-16,8],[-12,2],[-1,0],[-1,0],[-30,12],[-1,1],[-1,0],[-3,7],[-7,1],[-1,1],[-2,0],[0,1],[-1,1],[-1,1],[-1,1],[0,2],[0,3],[-1,0],[-2,2],[-4,4],[-17,12],[-6,9],[-12,6],[-1,0],[-1,0],[-1,1],[-5,3],[-1,1],[-2,1],[-2,1],[0,1],[-1,2],[-1,1],[-6,19],[-6,16],[-4,11],[-3,4],[-3,6],[-1,2],[-1,1],[0,1],[1,5],[3,9],[0,2],[-1,4],[-1,2],[-2,4],[-2,3],[-1,1],[-8,6],[-1,1],[-9,19],[-10,18],[-7,8],[-7,8],[-1,0],[-8,11],[-2,2],[0,2],[-1,1],[-1,3],[0,3],[-3,8],[-4,8],[-6,13],[-1,2],[-1,0],[-2,1],[-1,1],[-5,4],[-1,1],[-1,1],[-4,9],[-4,12],[-1,1],[0,3],[0,5],[1,2],[3,7],[6,-5],[1,-1],[1,0],[2,-1],[8,-1],[3,0],[10,-1],[12,3],[1,1],[2,0],[2,2],[1,1],[1,0],[1,1],[2,0],[1,0],[12,-8],[9,-7],[0,-1],[1,-1],[-1,0],[0,-1],[-1,0],[-1,0],[0,-1],[0,-1],[2,-4],[1,-1],[5,-2],[6,-2],[2,0],[1,0],[1,0],[14,6],[4,5],[9,4],[5,0],[16,-4],[9,-3],[17,-6],[1,-1],[3,-4],[1,-1],[0,-2],[1,0],[10,-4],[1,0],[1,0],[3,3],[2,2],[1,1],[12,5],[6,2],[7,1],[6,2],[3,0],[3,1],[13,14],[1,1],[0,1],[-1,5],[0,1],[1,1],[25,33],[22,22],[11,12],[2,1],[2,17],[9,14],[13,21],[2,4],[26,12],[14,8],[15,14],[42,20],[20,5],[1,0],[1,0],[7,10],[1,1],[0,1],[1,1],[3,10],[0,2],[0,2],[0,2],[-1,1],[0,1],[0,1],[-1,4],[0,1],[1,21],[2,14],[0,2],[1,2],[0,1],[7,8],[0,1],[1,0],[2,1],[5,2],[12,9],[20,16],[2,1],[11,5],[2,1],[27,10],[1,1],[1,0],[2,-1],[3,-1],[1,0],[3,0],[10,3],[9,4],[2,1],[2,0],[1,0],[40,-2],[1,0],[12,-1],[1,-1],[4,-1],[7,-1],[1,0],[2,1],[2,1],[3,2],[0,-2],[1,-53],[0,-1],[51,1],[32,-2],[8,3],[1,0],[2,0],[15,-3],[4,-2],[4,-5],[0,-2],[0,-2],[1,0],[7,-8],[3,-2],[11,-4],[5,-1],[1,0],[1,0],[2,0],[10,-1],[6,-1],[2,-1],[7,-7],[15,-14],[1,0],[0,-2],[0,-1],[0,-3],[0,-2],[0,-1],[3,-1],[7,-1],[8,-2],[2,0],[2,0],[2,0],[8,1],[8,0],[3,0],[2,0],[5,-1],[7,-3],[3,0],[4,-2],[22,-10],[16,-8],[1,-1],[0,-1],[2,-11],[5,-4],[4,0],[16,2],[1,0],[6,-1],[-1,-5],[0,-2],[-1,-2],[-1,-4],[-1,-3],[-1,-3],[-2,-3],[-1,-2],[-3,-3],[-1,-1],[-3,-2],[7,-20],[2,-5],[5,-9],[1,-4],[0,-2],[1,-6],[0,-3],[0,-2]]],"bbox":[25.236664,-22.414764,33.073051,-15.616112],"transform":{"scale":[0.00784423123123123,0.00680545745745746],"translate":[25.236664,-22.414764]}}
